time,polar,garmin,firstbeat,cosinuss
0,87.0,,,
1,85.0,,,
2,84.0,,,
3,83.0,,,
4,83.0,,,
5,82.0,,,
6,82.0,,,
7,78.0,,,
8,78.0,,,
9,78.0,,,
10,80.0,,,
11,81.0,,,
12,82.0,,,
13,82.0,,,
14,83.0,,,
15,83.0,,,
16,83.0,,,
17,83.0,,,
18,82.0,,,
19,82.0,,,
20,82.0,,,
21,80.0,,,
22,80.0,,,
23,79.0,,,
24,79.0,77.0,,
25,79.0,77.0,,
26,79.0,77.0,,
27,79.0,77.0,,
28,79.0,77.0,,
29,78.0,77.0,,
30,78.0,77.0,,
31,78.0,76.0,,
32,79.0,78.0,,
33,81.0,81.0,,
34,81.0,86.0,,
35,81.0,92.0,,
36,81.0,95.0,,
37,80.0,97.0,,
38,80.0,99.0,,
39,79.0,102.0,,
40,79.0,103.0,,
41,79.0,105.0,,
42,81.0,102.0,,
43,81.0,104.0,,76.0
44,80.0,102.0,,76.0
45,79.0,102.0,,77.0
46,78.0,102.0,,77.0
47,77.0,99.0,,76.0
48,74.0,96.0,,76.0
49,74.0,96.0,,75.0
50,75.0,96.0,,75.0
51,75.0,96.0,,70.0
52,75.0,96.0,,70.0
53,77.0,96.0,,70.0
54,77.0,96.0,,70.0
55,77.0,96.0,,74.0
56,76.0,96.0,,74.0
57,75.0,96.0,,81.0
58,74.0,96.0,,81.0
59,74.0,96.0,,78.0
60,75.0,96.0,,78.0
61,75.0,95.0,,75.0
62,77.0,95.0,,75.0
63,77.0,94.0,,75.0
64,77.0,94.0,,75.0
65,77.0,94.0,,78.0
66,77.0,93.0,,78.0
67,77.0,93.0,,78.0
68,77.0,89.0,,78.0
69,77.0,89.0,,77.0
70,77.0,89.0,,77.0
71,77.0,89.0,,76.0
72,76.0,89.0,,76.0
73,75.0,88.0,,76.0
74,75.0,88.0,,76.0
75,75.0,88.0,,75.0
76,76.0,87.0,,75.0
77,76.0,83.0,,73.0
78,76.0,79.0,,73.0
79,76.0,78.0,,74.0
80,74.0,77.0,,74.0
81,73.0,77.0,,76.0
82,72.0,77.0,,76.0
83,73.0,79.0,,71.0
84,73.0,82.0,,71.0
85,74.0,84.0,,70.0
86,76.0,84.0,,70.0
87,76.0,85.0,,72.0
88,77.0,85.0,,72.0
89,78.0,84.0,,76.0
90,79.0,86.0,77.0,76.0
91,79.0,88.0,77.0,79.0
92,78.0,88.0,77.0,79.0
93,77.0,89.0,77.0,80.0
94,77.0,89.0,78.0,80.0
95,76.0,90.0,78.0,79.0
96,76.0,90.0,78.0,79.0
97,76.0,90.0,79.0,76.0
98,76.0,90.0,79.0,76.0
99,76.0,91.0,79.0,75.0
100,79.0,91.0,79.0,75.0
101,79.0,94.0,80.0,75.0
102,79.0,94.0,80.0,75.0
103,79.0,93.0,81.0,80.0
104,81.0,92.0,82.0,80.0
105,81.0,92.0,82.0,80.0
106,83.0,92.0,83.0,80.0
107,84.0,92.0,84.0,81.0
108,85.0,92.0,85.0,81.0
109,85.0,94.0,85.0,82.0
110,85.0,95.0,86.0,82.0
111,86.0,95.0,87.0,81.0
112,88.0,96.0,88.0,81.0
113,89.0,96.0,89.0,81.0
114,92.0,96.0,90.0,81.0
115,92.0,95.0,91.0,81.0
116,92.0,92.0,91.0,81.0
117,92.0,91.0,92.0,81.0
118,90.0,89.0,93.0,81.0
119,88.0,88.0,93.0,81.0
120,87.0,87.0,94.0,81.0
121,87.0,86.0,95.0,81.0
122,88.0,87.0,96.0,81.0
123,90.0,89.0,95.0,81.0
124,90.0,90.0,94.0,81.0
125,90.0,91.0,92.0,78.0
126,89.0,91.0,91.0,78.0
127,87.0,93.0,90.0,75.0
128,86.0,93.0,88.0,75.0
129,85.0,94.0,87.0,75.0
130,85.0,94.0,86.0,75.0
131,85.0,94.0,84.0,71.0
132,86.0,94.0,83.0,71.0
133,87.0,94.0,82.0,62.0
134,87.0,94.0,83.0,62.0
135,87.0,94.0,83.0,63.0
136,87.0,94.0,84.0,63.0
137,85.0,95.0,85.0,62.0
138,86.0,95.0,85.0,62.0
139,86.0,94.0,86.0,62.0
140,87.0,94.0,86.0,62.0
141,88.0,94.0,87.0,62.0
142,90.0,94.0,87.0,62.0
143,90.0,95.0,88.0,61.0
144,91.0,95.0,89.0,61.0
145,92.0,96.0,90.0,73.0
146,93.0,97.0,90.0,73.0
147,93.0,97.0,91.0,64.0
148,93.0,97.0,91.0,64.0
149,93.0,96.0,92.0,60.0
150,93.0,95.0,93.0,60.0
151,94.0,93.0,93.0,61.0
152,94.0,92.0,94.0,61.0
153,94.0,91.0,94.0,63.0
154,94.0,91.0,95.0,63.0
155,94.0,91.0,95.0,82.0
156,95.0,91.0,95.0,82.0
157,95.0,91.0,95.0,90.0
158,95.0,91.0,95.0,90.0
159,96.0,92.0,95.0,92.0
160,97.0,93.0,95.0,92.0
161,97.0,93.0,95.0,93.0
162,96.0,93.0,95.0,93.0
163,94.0,94.0,95.0,95.0
164,94.0,94.0,95.0,95.0
165,93.0,94.0,94.0,94.0
166,93.0,95.0,94.0,94.0
167,94.0,95.0,93.0,92.0
168,93.0,95.0,93.0,92.0
169,93.0,95.0,93.0,90.0
170,92.0,94.0,92.0,90.0
171,91.0,94.0,92.0,92.0
172,92.0,94.0,91.0,92.0
173,92.0,89.0,91.0,91.0
174,93.0,89.0,91.0,91.0
175,93.0,89.0,91.0,89.0
176,94.0,89.0,91.0,89.0
177,95.0,90.0,91.0,92.0
178,94.0,90.0,90.0,92.0
179,93.0,90.0,90.0,94.0
180,91.0,91.0,90.0,94.0
181,90.0,92.0,90.0,94.0
182,90.0,92.0,90.0,94.0
183,91.0,93.0,90.0,89.0
184,91.0,93.0,91.0,89.0
185,90.0,93.0,91.0,88.0
186,90.0,94.0,91.0,88.0
187,89.0,94.0,92.0,90.0
188,89.0,94.0,92.0,90.0
189,88.0,94.0,93.0,89.0
190,89.0,94.0,93.0,89.0
191,90.0,94.0,93.0,85.0
192,91.0,95.0,94.0,85.0
193,93.0,95.0,94.0,87.0
194,94.0,95.0,94.0,87.0
195,95.0,98.0,95.0,93.0
196,95.0,98.0,95.0,93.0
197,95.0,96.0,95.0,95.0
198,95.0,97.0,95.0,95.0
199,95.0,97.0,95.0,96.0
200,95.0,97.0,95.0,96.0
201,95.0,97.0,95.0,96.0
202,95.0,97.0,95.0,96.0
203,95.0,97.0,95.0,95.0
204,96.0,97.0,95.0,95.0
205,96.0,97.0,95.0,95.0
206,97.0,95.0,95.0,95.0
207,99.0,94.0,95.0,96.0
208,99.0,93.0,95.0,96.0
209,98.0,90.0,94.0,97.0
210,98.0,90.0,94.0,97.0
211,96.0,89.0,94.0,99.0
212,95.0,89.0,94.0,99.0
213,94.0,89.0,93.0,97.0
214,93.0,89.0,93.0,97.0
215,93.0,90.0,93.0,93.0
216,93.0,90.0,92.0,93.0
217,94.0,90.0,92.0,91.0
218,94.0,90.0,91.0,91.0
219,93.0,90.0,91.0,92.0
220,92.0,90.0,91.0,92.0
221,91.0,90.0,90.0,92.0
222,90.0,90.0,90.0,92.0
223,89.0,91.0,89.0,88.0
224,90.0,92.0,90.0,88.0
225,90.0,94.0,90.0,87.0
226,91.0,94.0,90.0,87.0
227,92.0,94.0,90.0,87.0
228,92.0,94.0,90.0,87.0
229,92.0,94.0,90.0,90.0
230,90.0,93.0,90.0,90.0
231,90.0,91.0,90.0,92.0
232,90.0,90.0,90.0,92.0
233,89.0,90.0,90.0,91.0
234,90.0,89.0,90.0,91.0
235,91.0,89.0,90.0,90.0
236,91.0,90.0,91.0,90.0
237,92.0,91.0,91.0,90.0
238,93.0,91.0,91.0,90.0
239,94.0,92.0,91.0,91.0
240,94.0,92.0,92.0,91.0
241,94.0,92.0,92.0,93.0
242,93.0,93.0,92.0,93.0
243,91.0,93.0,92.0,94.0
244,90.0,94.0,92.0,94.0
245,89.0,94.0,92.0,93.0
246,89.0,94.0,92.0,93.0
247,89.0,95.0,92.0,90.0
248,90.0,95.0,92.0,90.0
249,92.0,95.0,92.0,88.0
250,93.0,95.0,92.0,88.0
251,94.0,96.0,92.0,89.0
252,94.0,96.0,92.0,89.0
253,95.0,99.0,93.0,94.0
254,94.0,98.0,93.0,94.0
255,94.0,97.0,93.0,95.0
256,94.0,96.0,94.0,95.0
257,94.0,94.0,94.0,95.0
258,94.0,94.0,94.0,95.0
259,95.0,94.0,95.0,95.0
260,96.0,94.0,95.0,95.0
261,96.0,93.0,95.0,93.0
262,96.0,93.0,96.0,93.0
263,97.0,93.0,96.0,92.0
264,97.0,94.0,95.0,92.0
265,98.0,94.0,95.0,92.0
266,98.0,94.0,95.0,92.0
267,97.0,94.0,95.0,92.0
268,97.0,94.0,95.0,92.0
269,96.0,93.0,94.0,94.0
270,96.0,91.0,94.0,94.0
271,95.0,90.0,94.0,95.0
272,94.0,90.0,94.0,95.0
273,93.0,90.0,93.0,95.0
274,92.0,90.0,93.0,95.0
275,92.0,90.0,93.0,95.0
276,92.0,90.0,93.0,95.0
277,92.0,90.0,93.0,93.0
278,94.0,90.0,93.0,93.0
279,94.0,90.0,92.0,91.0
280,94.0,90.0,92.0,91.0
281,94.0,89.0,92.0,92.0
282,92.0,90.0,92.0,92.0
283,92.0,90.0,92.0,92.0
284,91.0,90.0,91.0,92.0
285,91.0,90.0,91.0,90.0
286,91.0,89.0,91.0,90.0
287,91.0,89.0,91.0,89.0
288,92.0,89.0,91.0,89.0
289,92.0,89.0,91.0,89.0
290,93.0,90.0,91.0,89.0
291,93.0,90.0,91.0,92.0
292,92.0,90.0,91.0,92.0
293,91.0,90.0,91.0,93.0
294,90.0,90.0,91.0,93.0
295,90.0,91.0,90.0,92.0
296,89.0,92.0,90.0,92.0
297,89.0,93.0,90.0,89.0
298,90.0,94.0,90.0,89.0
299,90.0,94.0,90.0,88.0
300,90.0,94.0,90.0,88.0
301,91.0,94.0,90.0,89.0
302,91.0,94.0,90.0,89.0
303,91.0,95.0,90.0,91.0
304,90.0,95.0,90.0,91.0
305,90.0,95.0,90.0,91.0
306,91.0,95.0,91.0,91.0
307,91.0,95.0,91.0,90.0
308,92.0,95.0,91.0,90.0
309,93.0,95.0,92.0,90.0
310,93.0,95.0,92.0,90.0
311,93.0,95.0,92.0,91.0
312,93.0,95.0,93.0,91.0
313,92.0,95.0,93.0,93.0
314,92.0,95.0,94.0,93.0
315,93.0,95.0,94.0,93.0
316,95.0,95.0,94.0,93.0
317,95.0,95.0,95.0,92.0
318,95.0,94.0,95.0,92.0
319,95.0,94.0,95.0,91.0
320,95.0,94.0,96.0,91.0
321,96.0,93.0,96.0,91.0
322,96.0,93.0,96.0,91.0
323,98.0,93.0,96.0,91.0
324,99.0,93.0,95.0,91.0
325,100.0,93.0,94.0,91.0
326,100.0,92.0,93.0,91.0
327,98.0,92.0,92.0,98.0
328,98.0,92.0,91.0,98.0
329,98.0,92.0,90.0,96.0
330,98.0,92.0,89.0,96.0
331,93.0,92.0,88.0,91.0
332,93.0,92.0,87.0,91.0
333,92.0,92.0,87.0,87.0
334,92.0,92.0,88.0,87.0
335,92.0,92.0,88.0,83.0
336,92.0,93.0,89.0,83.0
337,93.0,94.0,89.0,85.0
338,93.0,96.0,90.0,85.0
339,94.0,96.0,90.0,89.0
340,93.0,96.0,91.0,89.0
341,93.0,96.0,91.0,89.0
342,93.0,97.0,92.0,89.0
343,93.0,96.0,92.0,90.0
344,93.0,95.0,92.0,90.0
345,92.0,95.0,92.0,91.0
346,91.0,95.0,92.0,91.0
347,92.0,95.0,91.0,90.0
348,92.0,95.0,91.0,90.0
349,92.0,94.0,91.0,90.0
350,90.0,95.0,91.0,90.0
351,90.0,96.0,91.0,90.0
352,91.0,96.0,91.0,90.0
353,91.0,96.0,91.0,90.0
354,91.0,95.0,91.0,90.0
355,93.0,94.0,91.0,90.0
356,94.0,95.0,91.0,90.0
357,94.0,94.0,91.0,90.0
358,94.0,94.0,91.0,90.0
359,91.0,94.0,91.0,90.0
360,91.0,94.0,91.0,90.0
361,91.0,95.0,91.0,84.0
362,92.0,96.0,92.0,84.0
363,93.0,98.0,92.0,87.0
364,94.0,98.0,92.0,87.0
365,95.0,98.0,92.0,86.0
366,95.0,98.0,93.0,86.0
367,95.0,97.0,93.0,90.0
368,94.0,97.0,93.0,90.0
369,94.0,96.0,93.0,91.0
370,93.0,96.0,93.0,91.0
371,94.0,96.0,94.0,91.0
372,94.0,96.0,94.0,91.0
373,94.0,96.0,94.0,92.0
374,95.0,96.0,95.0,92.0
375,96.0,96.0,95.0,93.0
376,97.0,96.0,95.0,93.0
377,97.0,96.0,95.0,94.0
378,98.0,96.0,95.0,94.0
379,98.0,96.0,96.0,96.0
380,97.0,95.0,96.0,96.0
381,96.0,95.0,96.0,98.0
382,96.0,95.0,96.0,98.0
383,96.0,96.0,96.0,97.0
384,97.0,96.0,96.0,97.0
385,97.0,96.0,96.0,95.0
386,97.0,96.0,96.0,95.0
387,97.0,96.0,96.0,96.0
388,97.0,96.0,96.0,96.0
389,96.0,96.0,96.0,96.0
390,96.0,96.0,96.0,96.0
391,96.0,96.0,96.0,97.0
392,96.0,96.0,96.0,97.0
393,96.0,96.0,96.0,97.0
394,96.0,96.0,96.0,97.0
395,96.0,96.0,96.0,97.0
396,96.0,96.0,96.0,97.0
397,96.0,96.0,96.0,96.0
398,96.0,96.0,96.0,96.0
399,96.0,96.0,96.0,96.0
400,96.0,96.0,96.0,96.0
401,97.0,96.0,96.0,96.0
402,97.0,96.0,96.0,96.0
403,97.0,96.0,96.0,96.0
404,97.0,96.0,96.0,96.0
405,96.0,96.0,96.0,97.0
406,96.0,96.0,96.0,97.0
407,96.0,96.0,96.0,96.0
408,96.0,96.0,96.0,96.0
409,97.0,96.0,96.0,94.0
410,97.0,96.0,97.0,94.0
411,97.0,96.0,97.0,95.0
412,98.0,96.0,97.0,95.0
413,98.0,96.0,96.0,95.0
414,98.0,96.0,96.0,95.0
415,98.0,96.0,95.0,94.0
416,98.0,95.0,95.0,94.0
417,99.0,95.0,95.0,97.0
418,99.0,95.0,94.0,97.0
419,99.0,95.0,94.0,99.0
420,99.0,94.0,93.0,99.0
421,97.0,94.0,93.0,98.0
422,95.0,93.0,92.0,98.0
423,93.0,93.0,92.0,92.0
424,92.0,93.0,91.0,92.0
425,93.0,92.0,90.0,88.0
426,94.0,92.0,90.0,88.0
427,95.0,92.0,89.0,88.0
428,94.0,92.0,89.0,88.0
429,94.0,92.0,88.0,89.0
430,94.0,93.0,88.0,89.0
431,94.0,93.0,87.0,88.0
432,94.0,93.0,87.0,88.0
433,89.0,93.0,86.0,84.0
434,89.0,93.0,86.0,84.0
435,87.0,92.0,86.0,75.0
436,88.0,92.0,86.0,75.0
437,89.0,92.0,86.0,75.0
438,91.0,92.0,86.0,75.0
439,91.0,92.0,86.0,71.0
440,91.0,92.0,86.0,71.0
441,91.0,92.0,86.0,69.0
442,89.0,92.0,86.0,69.0
443,88.0,92.0,86.0,68.0
444,87.0,92.0,86.0,68.0
445,86.0,92.0,86.0,77.0
446,86.0,92.0,86.0,77.0
447,85.0,92.0,86.0,79.0
448,84.0,92.0,86.0,79.0
449,84.0,91.0,86.0,81.0
450,85.0,91.0,86.0,81.0
451,86.0,90.0,86.0,80.0
452,88.0,90.0,86.0,80.0
453,91.0,89.0,85.0,78.0
454,93.0,88.0,83.0,78.0
455,94.0,88.0,82.0,77.0
456,94.0,87.0,81.0,77.0
457,94.0,87.0,80.0,77.0
458,94.0,86.0,79.0,77.0
459,90.0,86.0,78.0,77.0
460,87.0,86.0,77.0,77.0
461,84.0,86.0,76.0,75.0
462,84.0,89.0,75.0,75.0
463,84.0,90.0,74.0,69.0
464,84.0,90.0,74.0,69.0
465,84.0,90.0,74.0,72.0
466,83.0,90.0,74.0,72.0
467,83.0,92.0,74.0,77.0
468,83.0,92.0,75.0,77.0
469,83.0,91.0,75.0,78.0
470,80.0,90.0,75.0,78.0
471,80.0,88.0,75.0,77.0
472,81.0,88.0,75.0,77.0
473,81.0,89.0,77.0,72.0
474,82.0,91.0,78.0,72.0
475,83.0,92.0,79.0,73.0
476,84.0,91.0,81.0,73.0
477,85.0,89.0,82.0,73.0
478,85.0,89.0,83.0,73.0
479,86.0,91.0,84.0,73.0
480,87.0,91.0,86.0,73.0
481,88.0,90.0,87.0,72.0
482,91.0,90.0,88.0,72.0
483,91.0,89.0,90.0,72.0
484,91.0,89.0,90.0,72.0
485,91.0,88.0,90.0,72.0
486,90.0,89.0,90.0,72.0
487,90.0,88.0,90.0,72.0
488,90.0,88.0,90.0,72.0
489,90.0,88.0,90.0,72.0
490,91.0,87.0,90.0,72.0
491,91.0,87.0,90.0,62.0
492,91.0,87.0,90.0,62.0
493,92.0,87.0,90.0,65.0
494,92.0,87.0,90.0,65.0
495,91.0,87.0,89.0,66.0
496,90.0,87.0,89.0,66.0
497,89.0,88.0,89.0,58.0
498,89.0,87.0,88.0,58.0
499,89.0,87.0,88.0,60.0
500,88.0,88.0,88.0,60.0
501,88.0,88.0,87.0,61.0
502,88.0,88.0,87.0,61.0
503,88.0,88.0,87.0,61.0
504,87.0,89.0,87.0,61.0
505,87.0,88.0,87.0,60.0
506,87.0,88.0,87.0,60.0
507,87.0,88.0,87.0,60.0
508,87.0,88.0,87.0,60.0
509,87.0,88.0,87.0,57.0
510,89.0,89.0,87.0,57.0
511,89.0,88.0,88.0,55.0
512,89.0,89.0,88.0,55.0
513,88.0,89.0,88.0,55.0
514,88.0,88.0,88.0,55.0
515,88.0,88.0,88.0,55.0
516,88.0,90.0,88.0,55.0
517,88.0,90.0,88.0,55.0
518,89.0,91.0,88.0,55.0
519,89.0,91.0,88.0,63.0
520,88.0,91.0,88.0,63.0
521,88.0,91.0,88.0,76.0
522,87.0,91.0,88.0,76.0
523,88.0,92.0,88.0,84.0
524,88.0,92.0,88.0,84.0
525,88.0,93.0,89.0,86.0
526,89.0,93.0,89.0,86.0
527,90.0,93.0,89.0,88.0
528,90.0,93.0,90.0,88.0
529,91.0,93.0,90.0,92.0
530,91.0,92.0,90.0,92.0
531,91.0,91.0,91.0,92.0
532,91.0,91.0,91.0,92.0
533,91.0,90.0,91.0,90.0
534,91.0,89.0,92.0,90.0
535,91.0,89.0,92.0,91.0
536,92.0,88.0,92.0,91.0
537,92.0,88.0,92.0,92.0
538,92.0,88.0,92.0,92.0
539,92.0,88.0,92.0,92.0
540,92.0,89.0,93.0,92.0
541,92.0,88.0,93.0,91.0
542,93.0,88.0,93.0,91.0
543,94.0,88.0,93.0,90.0
544,95.0,88.0,92.0,90.0
545,96.0,88.0,92.0,90.0
546,96.0,87.0,92.0,90.0
547,95.0,87.0,91.0,90.0
548,93.0,88.0,91.0,90.0
549,92.0,88.0,90.0,94.0
550,90.0,86.0,90.0,94.0
551,90.0,86.0,90.0,94.0
552,90.0,87.0,89.0,94.0
553,90.0,87.0,89.0,89.0
554,90.0,87.0,89.0,89.0
555,90.0,87.0,89.0,87.0
556,89.0,87.0,89.0,87.0
557,88.0,87.0,89.0,89.0
558,88.0,87.0,88.0,89.0
559,87.0,87.0,88.0,89.0
560,87.0,88.0,88.0,89.0
561,87.0,88.0,88.0,87.0
562,88.0,88.0,88.0,87.0
563,89.0,88.0,89.0,86.0
564,89.0,90.0,90.0,86.0
565,89.0,91.0,91.0,88.0
566,89.0,90.0,92.0,88.0
567,86.0,88.0,93.0,87.0
568,86.0,88.0,94.0,87.0
569,84.0,88.0,95.0,85.0
570,85.0,88.0,96.0,85.0
571,85.0,88.0,97.0,81.0
572,85.0,89.0,97.0,81.0
573,86.0,88.0,98.0,81.0
574,87.0,87.0,97.0,81.0
575,88.0,87.0,97.0,85.0
576,88.0,85.0,96.0,85.0
577,88.0,84.0,96.0,91.0
578,88.0,84.0,95.0,91.0
579,89.0,84.0,95.0,89.0
580,89.0,84.0,94.0,89.0
581,90.0,84.0,94.0,89.0
582,91.0,84.0,93.0,89.0
583,90.0,84.0,93.0,89.0
584,90.0,84.0,92.0,89.0
585,89.0,84.0,92.0,92.0
586,88.0,84.0,92.0,92.0
587,88.0,84.0,91.0,89.0
588,87.0,84.0,91.0,89.0
589,87.0,85.0,91.0,86.0
590,86.0,85.0,90.0,86.0
591,86.0,85.0,90.0,86.0
592,86.0,85.0,90.0,86.0
593,86.0,85.0,90.0,85.0
594,87.0,86.0,90.0,85.0
595,87.0,86.0,91.0,85.0
596,87.0,86.0,91.0,85.0
597,87.0,86.0,91.0,86.0
598,88.0,86.0,92.0,86.0
599,88.0,86.0,92.0,87.0
600,88.0,86.0,93.0,87.0
601,88.0,86.0,93.0,88.0
602,89.0,86.0,93.0,88.0
603,89.0,86.0,94.0,88.0
604,90.0,86.0,94.0,88.0
605,89.0,85.0,94.0,89.0
606,89.0,85.0,94.0,89.0
607,87.0,85.0,94.0,91.0
608,87.0,85.0,94.0,91.0
609,87.0,85.0,94.0,90.0
610,87.0,85.0,95.0,90.0
611,87.0,85.0,95.0,87.0
612,87.0,85.0,95.0,87.0
613,87.0,85.0,94.0,86.0
614,88.0,85.0,93.0,86.0
615,89.0,87.0,92.0,86.0
616,89.0,88.0,92.0,86.0
617,89.0,88.0,91.0,89.0
618,88.0,88.0,90.0,89.0
619,87.0,88.0,89.0,89.0
620,86.0,88.0,88.0,89.0
621,84.0,88.0,88.0,88.0
622,84.0,88.0,87.0,88.0
623,85.0,88.0,86.0,85.0
624,85.0,88.0,87.0,85.0
625,86.0,88.0,87.0,83.0
626,87.0,87.0,87.0,83.0
627,87.0,88.0,87.0,84.0
628,88.0,88.0,88.0,84.0
629,89.0,88.0,88.0,86.0
630,89.0,88.0,88.0,86.0
631,88.0,88.0,88.0,88.0
632,88.0,88.0,89.0,88.0
633,88.0,88.0,89.0,88.0
634,89.0,88.0,90.0,88.0
635,89.0,88.0,90.0,87.0
636,89.0,88.0,90.0,87.0
637,91.0,88.0,91.0,87.0
638,92.0,88.0,91.0,87.0
639,92.0,89.0,91.0,88.0
640,92.0,89.0,92.0,88.0
641,92.0,90.0,92.0,88.0
642,92.0,90.0,93.0,88.0
643,92.0,91.0,93.0,90.0
644,94.0,91.0,94.0,90.0
645,95.0,95.0,94.0,90.0
646,96.0,100.0,94.0,90.0
647,96.0,102.0,95.0,91.0
648,96.0,105.0,95.0,91.0
649,95.0,104.0,96.0,90.0
650,96.0,108.0,96.0,90.0
651,97.0,109.0,96.0,90.0
652,100.0,109.0,97.0,90.0
653,101.0,111.0,98.0,90.0
654,103.0,110.0,99.0,90.0
655,104.0,109.0,100.0,94.0
656,105.0,109.0,101.0,94.0
657,106.0,109.0,102.0,104.0
658,107.0,109.0,103.0,104.0
659,107.0,109.0,104.0,108.0
660,108.0,109.0,105.0,108.0
661,107.0,109.0,106.0,108.0
662,107.0,110.0,107.0,108.0
663,107.0,110.0,108.0,108.0
664,107.0,111.0,109.0,108.0
665,107.0,111.0,109.0,108.0
666,108.0,112.0,110.0,108.0
667,110.0,112.0,111.0,106.0
668,111.0,113.0,111.0,106.0
669,112.0,113.0,112.0,108.0
670,113.0,113.0,112.0,108.0
671,114.0,110.0,113.0,108.0
672,115.0,114.0,114.0,108.0
673,116.0,115.0,115.0,109.0
674,117.0,120.0,116.0,109.0
675,118.0,124.0,117.0,109.0
676,119.0,125.0,117.0,109.0
677,120.0,126.0,118.0,113.0
678,121.0,128.0,119.0,113.0
679,122.0,128.0,120.0,117.0
680,123.0,126.0,121.0,117.0
681,123.0,125.0,121.0,119.0
682,123.0,124.0,122.0,119.0
683,124.0,125.0,123.0,116.0
684,124.0,126.0,123.0,116.0
685,124.0,126.0,123.0,116.0
686,124.0,125.0,123.0,116.0
687,124.0,126.0,123.0,120.0
688,124.0,128.0,124.0,120.0
689,124.0,129.0,124.0,122.0
690,124.0,128.0,124.0,122.0
691,124.0,126.0,124.0,123.0
692,125.0,127.0,124.0,123.0
693,125.0,129.0,124.0,123.0
694,125.0,129.0,124.0,123.0
695,125.0,126.0,125.0,123.0
696,125.0,125.0,125.0,123.0
697,125.0,126.0,125.0,122.0
698,126.0,126.0,125.0,122.0
699,127.0,126.0,125.0,121.0
700,127.0,126.0,126.0,121.0
701,127.0,127.0,126.0,121.0
702,127.0,127.0,126.0,121.0
703,127.0,127.0,127.0,124.0
704,127.0,128.0,127.0,124.0
705,128.0,130.0,127.0,125.0
706,128.0,129.0,127.0,125.0
707,128.0,130.0,128.0,126.0
708,128.0,130.0,128.0,126.0
709,128.0,129.0,128.0,127.0
710,129.0,132.0,128.0,127.0
711,129.0,135.0,129.0,128.0
712,130.0,136.0,129.0,128.0
713,130.0,134.0,129.0,127.0
714,131.0,137.0,130.0,127.0
715,131.0,137.0,130.0,127.0
716,131.0,136.0,130.0,127.0
717,131.0,136.0,130.0,127.0
718,131.0,135.0,130.0,127.0
719,131.0,137.0,131.0,127.0
720,131.0,137.0,131.0,127.0
721,131.0,138.0,131.0,127.0
722,132.0,141.0,131.0,127.0
723,133.0,142.0,132.0,127.0
724,133.0,142.0,132.0,127.0
725,133.0,141.0,132.0,127.0
726,134.0,141.0,133.0,127.0
727,134.0,141.0,133.0,129.0
728,134.0,140.0,133.0,129.0
729,135.0,140.0,134.0,131.0
730,135.0,140.0,134.0,131.0
731,135.0,139.0,134.0,132.0
732,135.0,139.0,135.0,132.0
733,136.0,138.0,135.0,134.0
734,136.0,138.0,135.0,134.0
735,136.0,137.0,135.0,133.0
736,136.0,133.0,135.0,133.0
737,137.0,133.0,135.0,134.0
738,136.0,133.0,135.0,134.0
739,135.0,133.0,135.0,135.0
740,135.0,133.0,135.0,135.0
741,135.0,136.0,135.0,137.0
742,135.0,136.0,135.0,137.0
743,135.0,138.0,135.0,136.0
744,135.0,138.0,135.0,136.0
745,135.0,137.0,135.0,134.0
746,135.0,137.0,134.0,134.0
747,135.0,137.0,134.0,134.0
748,135.0,137.0,134.0,134.0
749,135.0,137.0,134.0,134.0
750,135.0,136.0,134.0,134.0
751,135.0,136.0,134.0,136.0
752,134.0,136.0,134.0,136.0
753,134.0,135.0,134.0,136.0
754,134.0,135.0,134.0,136.0
755,135.0,135.0,135.0,134.0
756,135.0,135.0,135.0,134.0
757,136.0,135.0,135.0,134.0
758,136.0,135.0,135.0,134.0
759,137.0,135.0,135.0,134.0
760,137.0,135.0,135.0,134.0
761,136.0,135.0,135.0,134.0
762,136.0,135.0,135.0,134.0
763,136.0,136.0,136.0,135.0
764,135.0,137.0,135.0,135.0
765,135.0,138.0,135.0,134.0
766,135.0,138.0,135.0,134.0
767,135.0,139.0,135.0,134.0
768,135.0,138.0,135.0,134.0
769,135.0,138.0,135.0,138.0
770,135.0,138.0,135.0,138.0
771,135.0,138.0,135.0,136.0
772,136.0,138.0,135.0,136.0
773,136.0,139.0,135.0,135.0
774,137.0,142.0,135.0,135.0
775,137.0,143.0,135.0,135.0
776,137.0,143.0,136.0,135.0
777,137.0,143.0,136.0,135.0
778,137.0,143.0,136.0,135.0
779,137.0,140.0,136.0,135.0
780,137.0,138.0,136.0,135.0
781,137.0,138.0,136.0,137.0
782,137.0,138.0,137.0,137.0
783,137.0,138.0,137.0,138.0
784,138.0,137.0,137.0,138.0
785,138.0,137.0,137.0,142.0
786,138.0,138.0,137.0,142.0
787,138.0,138.0,137.0,145.0
788,138.0,139.0,137.0,145.0
789,138.0,139.0,137.0,138.0
790,138.0,139.0,137.0,138.0
791,137.0,139.0,137.0,137.0
792,138.0,139.0,137.0,137.0
793,138.0,139.0,137.0,137.0
794,138.0,139.0,137.0,137.0
795,138.0,139.0,137.0,136.0
796,138.0,138.0,137.0,136.0
797,138.0,139.0,137.0,136.0
798,138.0,139.0,138.0,136.0
799,138.0,138.0,138.0,137.0
800,138.0,139.0,138.0,137.0
801,139.0,140.0,138.0,137.0
802,138.0,141.0,138.0,137.0
803,139.0,140.0,138.0,137.0
804,138.0,140.0,138.0,137.0
805,138.0,141.0,138.0,136.0
806,139.0,141.0,138.0,136.0
807,139.0,141.0,139.0,136.0
808,139.0,141.0,139.0,136.0
809,139.0,141.0,139.0,137.0
810,140.0,141.0,139.0,137.0
811,140.0,141.0,139.0,142.0
812,140.0,140.0,139.0,142.0
813,140.0,140.0,139.0,142.0
814,140.0,139.0,140.0,142.0
815,140.0,138.0,140.0,142.0
816,140.0,138.0,140.0,142.0
817,140.0,137.0,140.0,142.0
818,140.0,137.0,140.0,142.0
819,140.0,137.0,140.0,142.0
820,140.0,136.0,140.0,142.0
821,141.0,136.0,140.0,142.0
822,141.0,136.0,140.0,142.0
823,142.0,136.0,140.0,139.0
824,142.0,135.0,140.0,139.0
825,142.0,133.0,140.0,139.0
826,143.0,134.0,140.0,139.0
827,143.0,133.0,140.0,139.0
828,143.0,133.0,139.0,139.0
829,142.0,134.0,139.0,141.0
830,140.0,134.0,139.0,141.0
831,139.0,133.0,139.0,142.0
832,139.0,132.0,139.0,142.0
833,138.0,132.0,138.0,142.0
834,136.0,133.0,137.0,142.0
835,136.0,132.0,136.0,139.0
836,135.0,131.0,135.0,139.0
837,134.0,131.0,134.0,137.0
838,134.0,131.0,133.0,137.0
839,133.0,129.0,133.0,137.0
840,131.0,127.0,132.0,137.0
841,130.0,126.0,131.0,135.0
842,129.0,126.0,130.0,135.0
843,129.0,126.0,129.0,133.0
844,129.0,125.0,129.0,133.0
845,129.0,125.0,130.0,135.0
846,130.0,124.0,130.0,135.0
847,131.0,124.0,130.0,137.0
848,132.0,118.0,130.0,137.0
849,132.0,115.0,130.0,136.0
850,132.0,115.0,130.0,136.0
851,132.0,114.0,130.0,134.0
852,131.0,113.0,130.0,134.0
853,130.0,111.0,129.0,133.0
854,128.0,109.0,128.0,133.0
855,126.0,108.0,127.0,133.0
856,124.0,108.0,126.0,133.0
857,123.0,110.0,124.0,131.0
858,121.0,109.0,123.0,131.0
859,120.0,109.0,122.0,127.0
860,120.0,109.0,121.0,127.0
861,119.0,109.0,120.0,123.0
862,119.0,109.0,118.0,123.0
863,118.0,109.0,117.0,120.0
864,117.0,109.0,116.0,120.0
865,116.0,109.0,116.0,118.0
866,115.0,109.0,115.0,118.0
867,114.0,109.0,115.0,118.0
868,114.0,109.0,114.0,118.0
869,114.0,109.0,114.0,115.0
870,114.0,109.0,113.0,115.0
871,115.0,110.0,113.0,108.0
872,114.0,110.0,112.0,108.0
873,113.0,110.0,112.0,105.0
874,111.0,110.0,111.0,105.0
875,110.0,110.0,111.0,105.0
876,109.0,110.0,111.0,105.0
877,109.0,111.0,110.0,101.0
878,109.0,113.0,110.0,101.0
879,110.0,113.0,110.0,100.0
880,111.0,115.0,110.0,100.0
881,111.0,115.0,109.0,106.0
882,111.0,115.0,109.0,106.0
883,110.0,115.0,109.0,110.0
884,109.0,115.0,109.0,110.0
885,108.0,116.0,109.0,110.0
886,107.0,119.0,108.0,110.0
887,107.0,121.0,108.0,110.0
888,107.0,121.0,108.0,110.0
889,107.0,121.0,108.0,109.0
890,108.0,121.0,108.0,109.0
891,109.0,121.0,108.0,109.0
892,110.0,121.0,108.0,109.0
893,110.0,120.0,108.0,107.0
894,111.0,120.0,109.0,107.0
895,111.0,120.0,109.0,110.0
896,112.0,120.0,110.0,110.0
897,112.0,120.0,111.0,109.0
898,112.0,119.0,111.0,109.0
899,113.0,120.0,112.0,111.0
900,113.0,120.0,112.0,111.0
901,114.0,120.0,113.0,113.0
902,115.0,120.0,113.0,113.0
903,115.0,120.0,114.0,113.0
904,115.0,119.0,115.0,113.0
905,115.0,119.0,115.0,114.0
906,116.0,119.0,115.0,114.0
907,116.0,118.0,116.0,113.0
908,116.0,119.0,116.0,113.0
909,116.0,118.0,117.0,115.0
910,117.0,118.0,117.0,115.0
911,118.0,117.0,117.0,114.0
912,119.0,116.0,118.0,114.0
913,121.0,115.0,118.0,113.0
914,121.0,114.0,118.0,113.0
915,121.0,114.0,119.0,112.0
916,121.0,114.0,119.0,112.0
917,121.0,114.0,119.0,111.0
918,120.0,114.0,119.0,111.0
919,120.0,116.0,119.0,110.0
920,120.0,119.0,119.0,110.0
921,120.0,124.0,119.0,111.0
922,120.0,126.0,119.0,111.0
923,120.0,127.0,120.0,114.0
924,120.0,127.0,120.0,114.0
925,121.0,127.0,120.0,118.0
926,121.0,127.0,120.0,118.0
927,121.0,127.0,121.0,120.0
928,121.0,127.0,121.0,120.0
929,121.0,127.0,121.0,121.0
930,121.0,127.0,121.0,121.0
931,122.0,127.0,121.0,121.0
932,122.0,127.0,122.0,121.0
933,123.0,127.0,122.0,120.0
934,124.0,127.0,123.0,120.0
935,124.0,127.0,123.0,120.0
936,125.0,127.0,123.0,120.0
937,125.0,127.0,124.0,121.0
938,125.0,128.0,124.0,121.0
939,125.0,128.0,125.0,121.0
940,126.0,131.0,125.0,121.0
941,126.0,132.0,125.0,121.0
942,127.0,131.0,126.0,121.0
943,127.0,130.0,127.0,119.0
944,127.0,129.0,127.0,119.0
945,127.0,128.0,127.0,119.0
946,128.0,128.0,128.0,119.0
947,128.0,129.0,128.0,115.0
948,129.0,128.0,128.0,115.0
949,129.0,128.0,129.0,115.0
950,130.0,129.0,129.0,115.0
951,130.0,129.0,129.0,122.0
952,131.0,129.0,130.0,122.0
953,131.0,128.0,130.0,123.0
954,132.0,128.0,130.0,123.0
955,132.0,129.0,130.0,120.0
956,131.0,130.0,130.0,120.0
957,131.0,130.0,129.0,118.0
958,130.0,130.0,129.0,118.0
959,130.0,131.0,129.0,118.0
960,129.0,131.0,129.0,118.0
961,129.0,131.0,129.0,118.0
962,129.0,131.0,129.0,118.0
963,129.0,131.0,129.0,117.0
964,129.0,131.0,129.0,117.0
965,129.0,131.0,129.0,113.0
966,130.0,131.0,129.0,113.0
967,130.0,130.0,129.0,111.0
968,130.0,131.0,129.0,111.0
969,130.0,131.0,129.0,107.0
970,130.0,131.0,129.0,107.0
971,130.0,131.0,129.0,109.0
972,130.0,132.0,130.0,109.0
973,130.0,133.0,130.0,109.0
974,130.0,133.0,130.0,109.0
975,131.0,134.0,130.0,109.0
976,131.0,135.0,130.0,109.0
977,131.0,136.0,130.0,109.0
978,131.0,136.0,130.0,109.0
979,131.0,136.0,131.0,109.0
980,131.0,135.0,131.0,109.0
981,131.0,134.0,131.0,108.0
982,132.0,134.0,131.0,108.0
983,132.0,133.0,131.0,108.0
984,132.0,133.0,132.0,108.0
985,132.0,134.0,132.0,108.0
986,133.0,135.0,132.0,108.0
987,133.0,134.0,132.0,108.0
988,134.0,134.0,132.0,108.0
989,134.0,133.0,133.0,108.0
990,134.0,133.0,133.0,108.0
991,134.0,132.0,133.0,108.0
992,134.0,132.0,133.0,108.0
993,134.0,133.0,133.0,108.0
994,133.0,133.0,133.0,108.0
995,133.0,133.0,133.0,107.0
996,133.0,133.0,133.0,107.0
997,133.0,133.0,133.0,107.0
998,133.0,133.0,133.0,107.0
999,133.0,133.0,133.0,107.0
1000,134.0,133.0,133.0,107.0
1001,134.0,132.0,133.0,107.0
1002,134.0,132.0,133.0,107.0
1003,134.0,132.0,133.0,107.0
1004,134.0,132.0,133.0,107.0
1005,134.0,131.0,133.0,107.0
1006,133.0,132.0,133.0,107.0
1007,133.0,132.0,133.0,80.0
1008,133.0,132.0,133.0,80.0
1009,134.0,132.0,133.0,26.0
1010,134.0,132.0,133.0,26.0
1011,134.0,132.0,133.0,74.0
1012,134.0,132.0,133.0,74.0
1013,134.0,133.0,133.0,52.0
1014,133.0,133.0,133.0,52.0
1015,133.0,133.0,133.0,93.0
1016,133.0,135.0,133.0,93.0
1017,133.0,136.0,133.0,77.0
1018,133.0,136.0,133.0,77.0
1019,133.0,135.0,133.0,75.0
1020,133.0,134.0,133.0,75.0
1021,133.0,134.0,133.0,75.0
1022,133.0,133.0,132.0,75.0
1023,133.0,133.0,133.0,75.0
1024,133.0,133.0,133.0,75.0
1025,133.0,133.0,133.0,75.0
1026,133.0,133.0,133.0,75.0
1027,134.0,133.0,133.0,75.0
1028,134.0,134.0,133.0,75.0
1029,134.0,135.0,133.0,74.0
1030,135.0,135.0,134.0,74.0
1031,135.0,135.0,134.0,74.0
1032,135.0,135.0,134.0,74.0
1033,135.0,136.0,134.0,75.0
1034,135.0,136.0,134.0,75.0
1035,134.0,136.0,134.0,75.0
1036,134.0,135.0,134.0,75.0
1037,134.0,136.0,134.0,74.0
1038,134.0,136.0,134.0,74.0
1039,134.0,135.0,134.0,74.0
1040,134.0,135.0,134.0,74.0
1041,134.0,136.0,134.0,75.0
1042,134.0,136.0,134.0,75.0
1043,135.0,136.0,134.0,71.0
1044,135.0,135.0,134.0,71.0
1045,135.0,135.0,134.0,67.0
1046,135.0,134.0,135.0,67.0
1047,136.0,133.0,135.0,69.0
1048,136.0,133.0,135.0,69.0
1049,136.0,133.0,135.0,69.0
1050,136.0,132.0,135.0,69.0
1051,136.0,133.0,135.0,69.0
1052,136.0,133.0,135.0,69.0
1053,136.0,133.0,135.0,68.0
1054,136.0,133.0,135.0,68.0
1055,136.0,133.0,135.0,68.0
1056,136.0,133.0,135.0,68.0
1057,136.0,133.0,135.0,68.0
1058,135.0,132.0,134.0,68.0
1059,134.0,132.0,134.0,70.0
1060,134.0,131.0,134.0,70.0
1061,134.0,131.0,134.0,71.0
1062,133.0,131.0,134.0,71.0
1063,134.0,131.0,133.0,69.0
1064,134.0,131.0,133.0,69.0
1065,134.0,132.0,132.0,69.0
1066,134.0,132.0,132.0,69.0
1067,134.0,132.0,132.0,65.0
1068,133.0,132.0,131.0,65.0
1069,132.0,131.0,131.0,62.0
1070,131.0,131.0,130.0,62.0
1071,130.0,130.0,130.0,63.0
1072,129.0,130.0,130.0,63.0
1073,128.0,130.0,129.0,62.0
1074,127.0,129.0,128.0,62.0
1075,126.0,129.0,127.0,89.0
1076,125.0,129.0,127.0,89.0
1077,124.0,129.0,126.0,80.0
1078,123.0,129.0,126.0,80.0
1079,123.0,129.0,125.0,78.0
1080,123.0,129.0,124.0,78.0
1081,124.0,129.0,124.0,79.0
1082,124.0,129.0,123.0,79.0
1083,124.0,129.0,123.0,80.0
1084,125.0,129.0,123.0,80.0
1085,125.0,128.0,123.0,79.0
1086,125.0,128.0,123.0,79.0
1087,125.0,127.0,123.0,78.0
1088,126.0,127.0,123.0,78.0
1089,126.0,127.0,123.0,78.0
1090,125.0,126.0,123.0,78.0
1091,124.0,126.0,123.0,78.0
1092,123.0,122.0,123.0,78.0
1093,121.0,119.0,123.0,78.0
1094,121.0,118.0,122.0,78.0
1095,121.0,117.0,122.0,78.0
1096,121.0,114.0,122.0,78.0
1097,121.0,112.0,121.0,77.0
1098,121.0,110.0,121.0,77.0
1099,121.0,109.0,121.0,76.0
1100,121.0,110.0,121.0,76.0
1101,121.0,110.0,120.0,76.0
1102,121.0,111.0,120.0,76.0
1103,121.0,112.0,119.0,74.0
1104,120.0,113.0,119.0,74.0
1105,119.0,114.0,118.0,70.0
1106,119.0,114.0,118.0,70.0
1107,119.0,114.0,117.0,68.0
1108,118.0,114.0,117.0,68.0
1109,117.0,114.0,116.0,67.0
1110,116.0,114.0,116.0,67.0
1111,115.0,113.0,115.0,66.0
1112,114.0,112.0,114.0,66.0
1113,113.0,110.0,114.0,56.0
1114,113.0,111.0,114.0,56.0
1115,113.0,110.0,114.0,57.0
1116,113.0,107.0,114.0,57.0
1117,113.0,107.0,114.0,55.0
1118,114.0,108.0,114.0,55.0
1119,115.0,109.0,114.0,53.0
1120,115.0,111.0,114.0,53.0
1121,115.0,113.0,114.0,68.0
1122,115.0,116.0,114.0,68.0
1123,115.0,118.0,115.0,100.0
1124,115.0,121.0,115.0,100.0
1125,116.0,120.0,116.0,110.0
1126,116.0,121.0,117.0,110.0
1127,118.0,122.0,117.0,114.0
1128,119.0,122.0,118.0,114.0
1129,120.0,124.0,119.0,115.0
1130,121.0,125.0,119.0,115.0
1131,121.0,127.0,120.0,117.0
1132,122.0,128.0,120.0,117.0
1133,122.0,129.0,122.0,119.0
1134,123.0,133.0,122.0,119.0
1135,123.0,132.0,122.0,121.0
1136,123.0,130.0,123.0,121.0
1137,124.0,130.0,123.0,123.0
1138,124.0,133.0,124.0,123.0
1139,125.0,133.0,124.0,123.0
1140,126.0,132.0,125.0,123.0
1141,127.0,132.0,125.0,125.0
1142,127.0,132.0,126.0,125.0
1143,128.0,132.0,127.0,126.0
1144,128.0,132.0,127.0,126.0
1145,129.0,132.0,128.0,127.0
1146,129.0,133.0,128.0,127.0
1147,130.0,133.0,128.0,128.0
1148,130.0,133.0,129.0,128.0
1149,130.0,133.0,129.0,127.0
1150,130.0,133.0,130.0,127.0
1151,131.0,133.0,130.0,127.0
1152,132.0,134.0,131.0,127.0
1153,132.0,135.0,132.0,129.0
1154,132.0,135.0,132.0,129.0
1155,133.0,136.0,133.0,130.0
1156,135.0,136.0,134.0,130.0
1157,135.0,136.0,135.0,132.0
1158,136.0,137.0,135.0,132.0
1159,137.0,137.0,136.0,134.0
1160,137.0,137.0,137.0,134.0
1161,138.0,138.0,138.0,136.0
1162,141.0,138.0,139.0,136.0
1163,142.0,139.0,140.0,138.0
1164,143.0,139.0,141.0,138.0
1165,144.0,139.0,142.0,140.0
1166,145.0,136.0,142.0,140.0
1167,145.0,135.0,143.0,138.0
1168,146.0,135.0,144.0,138.0
1169,147.0,139.0,145.0,142.0
1170,148.0,143.0,146.0,142.0
1171,148.0,144.0,146.0,142.0
1172,149.0,144.0,147.0,143.0
1173,149.0,145.0,148.0,143.0
1174,150.0,146.0,148.0,146.0
1175,150.0,146.0,149.0,146.0
1176,150.0,147.0,149.0,147.0
1177,151.0,147.0,149.0,147.0
1178,151.0,149.0,150.0,148.0
1179,151.0,147.0,150.0,148.0
1180,151.0,147.0,150.0,150.0
1181,151.0,147.0,150.0,150.0
1182,151.0,147.0,151.0,150.0
1183,151.0,149.0,151.0,150.0
1184,152.0,152.0,151.0,150.0
1185,152.0,154.0,151.0,150.0
1186,152.0,156.0,152.0,150.0
1187,152.0,156.0,152.0,150.0
1188,153.0,157.0,152.0,150.0
1189,153.0,157.0,152.0,150.0
1190,153.0,156.0,153.0,151.0
1191,154.0,156.0,153.0,151.0
1192,154.0,156.0,153.0,151.0
1193,154.0,156.0,153.0,151.0
1194,154.0,156.0,154.0,151.0
1195,155.0,157.0,154.0,151.0
1196,155.0,158.0,154.0,150.0
1197,155.0,159.0,154.0,150.0
1198,156.0,159.0,154.0,152.0
1199,156.0,159.0,155.0,152.0
1200,156.0,161.0,155.0,151.0
1201,156.0,161.0,155.0,151.0
1202,156.0,160.0,155.0,153.0
1203,156.0,160.0,156.0,153.0
1204,156.0,160.0,156.0,152.0
1205,156.0,160.0,156.0,152.0
1206,157.0,160.0,156.0,155.0
1207,157.0,160.0,157.0,155.0
1208,157.0,160.0,157.0,156.0
1209,158.0,161.0,157.0,156.0
1210,158.0,161.0,157.0,156.0
1211,158.0,161.0,157.0,156.0
1212,159.0,161.0,158.0,157.0
1213,158.0,162.0,158.0,157.0
1214,159.0,162.0,158.0,157.0
1215,159.0,162.0,158.0,157.0
1216,159.0,162.0,158.0,157.0
1217,159.0,162.0,159.0,157.0
1218,159.0,162.0,159.0,158.0
1219,159.0,162.0,159.0,158.0
1220,159.0,162.0,159.0,159.0
1221,159.0,162.0,159.0,159.0
1222,160.0,162.0,160.0,159.0
1223,160.0,162.0,160.0,159.0
1224,160.0,160.0,160.0,160.0
1225,160.0,157.0,160.0,160.0
1226,161.0,157.0,160.0,160.0
1227,161.0,161.0,160.0,160.0
1228,161.0,163.0,161.0,161.0
1229,161.0,164.0,161.0,161.0
1230,161.0,163.0,161.0,161.0
1231,161.0,162.0,161.0,161.0
1232,161.0,161.0,161.0,161.0
1233,162.0,160.0,161.0,161.0
1234,162.0,160.0,161.0,161.0
1235,162.0,160.0,161.0,161.0
1236,162.0,160.0,161.0,162.0
1237,162.0,161.0,161.0,162.0
1238,162.0,161.0,161.0,162.0
1239,162.0,162.0,161.0,162.0
1240,161.0,162.0,161.0,161.0
1241,162.0,162.0,161.0,161.0
1242,161.0,162.0,161.0,161.0
1243,161.0,162.0,161.0,161.0
1244,161.0,162.0,161.0,161.0
1245,161.0,163.0,161.0,161.0
1246,161.0,162.0,161.0,159.0
1247,161.0,162.0,161.0,159.0
1248,161.0,163.0,161.0,160.0
1249,161.0,163.0,161.0,160.0
1250,161.0,163.0,161.0,160.0
1251,161.0,163.0,161.0,160.0
1252,162.0,163.0,161.0,159.0
1253,162.0,163.0,161.0,159.0
1254,162.0,163.0,161.0,160.0
1255,162.0,163.0,161.0,160.0
1256,162.0,163.0,161.0,161.0
1257,162.0,163.0,161.0,161.0
1258,162.0,163.0,161.0,162.0
1259,162.0,163.0,162.0,162.0
1260,162.0,163.0,162.0,162.0
1261,162.0,165.0,162.0,162.0
1262,162.0,165.0,162.0,162.0
1263,162.0,165.0,162.0,162.0
1264,162.0,165.0,162.0,162.0
1265,163.0,164.0,162.0,162.0
1266,163.0,164.0,163.0,162.0
1267,163.0,164.0,163.0,162.0
1268,163.0,164.0,163.0,162.0
1269,163.0,164.0,163.0,162.0
1270,164.0,163.0,163.0,162.0
1271,164.0,163.0,163.0,162.0
1272,164.0,163.0,163.0,162.0
1273,164.0,163.0,164.0,162.0
1274,164.0,163.0,164.0,162.0
1275,164.0,164.0,164.0,162.0
1276,164.0,164.0,164.0,163.0
1277,164.0,165.0,164.0,163.0
1278,164.0,165.0,164.0,163.0
1279,164.0,164.0,164.0,163.0
1280,164.0,164.0,164.0,163.0
1281,164.0,164.0,164.0,163.0
1282,164.0,164.0,163.0,163.0
1283,164.0,165.0,164.0,163.0
1284,164.0,165.0,164.0,164.0
1285,164.0,166.0,164.0,164.0
1286,164.0,167.0,164.0,163.0
1287,165.0,167.0,164.0,163.0
1288,165.0,168.0,164.0,163.0
1289,165.0,168.0,164.0,163.0
1290,164.0,169.0,164.0,164.0
1291,164.0,169.0,164.0,164.0
1292,164.0,168.0,164.0,165.0
1293,164.0,168.0,164.0,165.0
1294,164.0,168.0,164.0,165.0
1295,164.0,168.0,165.0,165.0
1296,165.0,167.0,165.0,164.0
1297,165.0,167.0,165.0,164.0
1298,165.0,166.0,165.0,164.0
1299,165.0,165.0,166.0,164.0
1300,166.0,165.0,166.0,164.0
1301,166.0,164.0,166.0,164.0
1302,167.0,164.0,166.0,164.0
1303,167.0,163.0,166.0,164.0
1304,167.0,163.0,166.0,164.0
1305,168.0,162.0,166.0,164.0
1306,168.0,161.0,166.0,165.0
1307,168.0,161.0,166.0,165.0
1308,168.0,160.0,166.0,166.0
1309,168.0,159.0,166.0,166.0
1310,167.0,159.0,166.0,168.0
1311,167.0,159.0,166.0,168.0
1312,166.0,159.0,166.0,168.0
1313,165.0,158.0,164.0,168.0
1314,163.0,158.0,163.0,165.0
1315,161.0,157.0,162.0,165.0
1316,160.0,156.0,161.0,161.0
1317,158.0,156.0,160.0,161.0
1318,158.0,155.0,159.0,161.0
1319,156.0,154.0,158.0,161.0
1320,155.0,154.0,156.0,159.0
1321,154.0,153.0,155.0,159.0
1322,153.0,153.0,154.0,157.0
1323,152.0,153.0,152.0,157.0
1324,152.0,153.0,151.0,154.0
1325,150.0,153.0,151.0,154.0
1326,150.0,153.0,150.0,153.0
1327,149.0,153.0,149.0,153.0
1328,148.0,153.0,148.0,152.0
1329,147.0,153.0,148.0,152.0
1330,146.0,152.0,147.0,148.0
1331,146.0,152.0,146.0,148.0
1332,144.0,152.0,145.0,147.0
1333,143.0,152.0,144.0,147.0
1334,142.0,152.0,143.0,145.0
1335,142.0,152.0,143.0,145.0
1336,141.0,151.0,142.0,143.0
1337,141.0,151.0,142.0,143.0
1338,141.0,151.0,141.0,141.0
1339,140.0,151.0,140.0,141.0
1340,140.0,151.0,140.0,141.0
1341,139.0,151.0,139.0,141.0
1342,139.0,152.0,139.0,140.0
1343,138.0,152.0,138.0,140.0
1344,138.0,152.0,138.0,138.0
1345,137.0,152.0,137.0,138.0
1346,136.0,152.0,137.0,136.0
1347,136.0,152.0,137.0,136.0
1348,137.0,152.0,136.0,136.0
1349,137.0,152.0,136.0,136.0
1350,138.0,154.0,136.0,135.0
1351,138.0,154.0,135.0,135.0
1352,137.0,154.0,135.0,135.0
1353,134.0,154.0,134.0,135.0
1354,132.0,152.0,133.0,135.0
1355,129.0,149.0,132.0,135.0
1356,127.0,147.0,130.0,135.0
1357,126.0,145.0,129.0,135.0
1358,126.0,142.0,128.0,131.0
1359,126.0,141.0,127.0,131.0
1360,125.0,141.0,126.0,125.0
1361,125.0,140.0,125.0,125.0
1362,125.0,140.0,124.0,124.0
1363,124.0,140.0,123.0,124.0
1364,124.0,141.0,122.0,124.0
1365,123.0,141.0,122.0,124.0
1366,122.0,141.0,122.0,124.0
1367,121.0,140.0,121.0,124.0
1368,121.0,140.0,121.0,122.0
1369,121.0,140.0,121.0,122.0
1370,121.0,141.0,120.0,122.0
1371,122.0,141.0,120.0,122.0
1372,121.0,142.0,120.0,122.0
1373,120.0,144.0,118.0,122.0
1374,119.0,145.0,117.0,122.0
1375,117.0,146.0,116.0,122.0
1376,115.0,146.0,115.0,120.0
1377,114.0,147.0,114.0,120.0
1378,113.0,147.0,113.0,116.0
1379,112.0,147.0,113.0,116.0
1380,111.0,147.0,112.0,112.0
1381,110.0,147.0,111.0,112.0
1382,110.0,147.0,110.0,110.0
1383,110.0,147.0,109.0,110.0
1384,110.0,147.0,109.0,108.0
1385,109.0,147.0,109.0,108.0
1386,109.0,146.0,109.0,108.0
1387,108.0,146.0,109.0,108.0
1388,108.0,146.0,109.0,108.0
1389,108.0,146.0,109.0,108.0
1390,108.0,144.0,109.0,108.0
1391,109.0,143.0,109.0,108.0
1392,110.0,142.0,109.0,108.0
1393,110.0,139.0,109.0,108.0
1394,111.0,137.0,109.0,108.0
1395,111.0,131.0,109.0,108.0
1396,110.0,127.0,109.0,109.0
1397,110.0,128.0,109.0,109.0
1398,110.0,123.0,109.0,109.0
1399,109.0,120.0,109.0,109.0
1400,109.0,117.0,109.0,109.0
1401,109.0,115.0,109.0,109.0
1402,109.0,115.0,109.0,108.0
1403,110.0,116.0,110.0,108.0
1404,111.0,116.0,110.0,108.0
1405,111.0,115.0,110.0,108.0
1406,112.0,115.0,111.0,109.0
1407,112.0,116.0,111.0,109.0
1408,112.0,116.0,112.0,111.0
1409,113.0,114.0,112.0,111.0
1410,114.0,113.0,112.0,112.0
1411,114.0,112.0,113.0,112.0
1412,115.0,111.0,113.0,112.0
1413,114.0,110.0,113.0,112.0
1414,113.0,111.0,113.0,113.0
1415,113.0,111.0,113.0,113.0
1416,113.0,112.0,113.0,112.0
1417,114.0,113.0,113.0,112.0
1418,114.0,112.0,113.0,111.0
1419,113.0,113.0,113.0,111.0
1420,113.0,114.0,113.0,112.0
1421,112.0,113.0,113.0,112.0
1422,113.0,115.0,113.0,111.0
1423,113.0,116.0,113.0,111.0
1424,114.0,116.0,113.0,113.0
1425,115.0,118.0,113.0,113.0
1426,114.0,119.0,113.0,114.0
1427,114.0,120.0,113.0,114.0
1428,114.0,121.0,113.0,115.0
1429,114.0,120.0,114.0,115.0
1430,113.0,120.0,114.0,116.0
1431,114.0,119.0,114.0,116.0
1432,114.0,119.0,114.0,114.0
1433,115.0,119.0,114.0,114.0
1434,116.0,118.0,115.0,114.0
1435,117.0,119.0,115.0,114.0
1436,117.0,119.0,115.0,116.0
1437,118.0,119.0,116.0,116.0
1438,118.0,120.0,116.0,116.0
1439,118.0,120.0,116.0,116.0
1440,118.0,120.0,117.0,117.0
1441,118.0,121.0,117.0,117.0
1442,118.0,120.0,117.0,117.0
1443,117.0,122.0,118.0,117.0
1444,117.0,122.0,118.0,117.0
1445,117.0,122.0,118.0,117.0
1446,117.0,122.0,118.0,116.0
1447,117.0,122.0,118.0,116.0
1448,118.0,122.0,118.0,116.0
1449,119.0,122.0,118.0,116.0
1450,119.0,122.0,119.0,116.0
1451,119.0,122.0,119.0,116.0
1452,119.0,122.0,119.0,116.0
1453,120.0,122.0,119.0,116.0
1454,120.0,122.0,119.0,115.0
1455,121.0,122.0,120.0,115.0
1456,121.0,122.0,120.0,116.0
1457,121.0,122.0,120.0,116.0
1458,121.0,122.0,120.0,120.0
1459,121.0,123.0,121.0,120.0
1460,121.0,123.0,121.0,120.0
1461,122.0,123.0,121.0,120.0
1462,122.0,123.0,121.0,120.0
1463,122.0,123.0,122.0,120.0
1464,122.0,123.0,122.0,120.0
1465,122.0,123.0,122.0,120.0
1466,123.0,123.0,122.0,120.0
1467,122.0,123.0,122.0,120.0
1468,123.0,123.0,122.0,122.0
1469,123.0,123.0,123.0,122.0
1470,123.0,123.0,123.0,122.0
1471,123.0,123.0,123.0,122.0
1472,124.0,123.0,123.0,121.0
1473,125.0,123.0,123.0,121.0
1474,125.0,123.0,123.0,125.0
1475,125.0,123.0,123.0,125.0
1476,124.0,124.0,123.0,125.0
1477,124.0,124.0,123.0,125.0
1478,124.0,124.0,123.0,124.0
1479,123.0,124.0,123.0,124.0
1480,123.0,124.0,123.0,125.0
1481,123.0,124.0,122.0,125.0
1482,123.0,124.0,122.0,124.0
1483,122.0,124.0,122.0,124.0
1484,122.0,124.0,122.0,124.0
1485,122.0,124.0,122.0,124.0
1486,121.0,124.0,122.0,124.0
1487,121.0,124.0,121.0,124.0
1488,121.0,124.0,121.0,120.0
1489,121.0,125.0,121.0,120.0
1490,121.0,125.0,121.0,116.0
1491,121.0,125.0,121.0,116.0
1492,121.0,125.0,121.0,117.0
1493,121.0,125.0,121.0,117.0
1494,122.0,125.0,121.0,117.0
1495,122.0,125.0,122.0,117.0
1496,122.0,125.0,122.0,116.0
1497,123.0,125.0,122.0,116.0
1498,124.0,125.0,123.0,119.0
1499,124.0,125.0,123.0,119.0
1500,124.0,125.0,124.0,122.0
1501,125.0,125.0,124.0,122.0
1502,125.0,126.0,124.0,123.0
1503,126.0,126.0,125.0,123.0
1504,126.0,126.0,124.0,125.0
1505,126.0,126.0,124.0,125.0
1506,126.0,126.0,124.0,127.0
1507,126.0,126.0,124.0,127.0
1508,125.0,125.0,124.0,127.0
1509,124.0,125.0,124.0,127.0
1510,124.0,125.0,124.0,126.0
1511,124.0,125.0,124.0,126.0
1512,123.0,125.0,123.0,124.0
1513,123.0,124.0,123.0,124.0
1514,123.0,124.0,123.0,123.0
1515,123.0,124.0,123.0,123.0
1516,123.0,124.0,123.0,122.0
1517,123.0,124.0,123.0,122.0
1518,123.0,124.0,122.0,122.0
1519,122.0,124.0,122.0,122.0
1520,122.0,124.0,122.0,122.0
1521,122.0,124.0,122.0,122.0
1522,122.0,123.0,122.0,123.0
1523,122.0,123.0,122.0,123.0
1524,122.0,123.0,122.0,122.0
1525,122.0,123.0,122.0,122.0
1526,122.0,123.0,122.0,121.0
1527,122.0,122.0,122.0,121.0
1528,122.0,121.0,122.0,121.0
1529,123.0,121.0,122.0,121.0
1530,123.0,120.0,122.0,120.0
1531,123.0,120.0,122.0,120.0
1532,122.0,119.0,122.0,121.0
1533,122.0,119.0,122.0,121.0
1534,122.0,119.0,122.0,122.0
1535,122.0,119.0,122.0,122.0
1536,122.0,119.0,122.0,122.0
1537,122.0,120.0,122.0,122.0
1538,122.0,120.0,122.0,123.0
1539,122.0,120.0,122.0,123.0
1540,122.0,120.0,122.0,123.0
1541,122.0,120.0,122.0,123.0
1542,122.0,120.0,122.0,121.0
1543,123.0,120.0,122.0,121.0
1544,123.0,119.0,122.0,121.0
1545,123.0,119.0,122.0,121.0
1546,122.0,120.0,121.0,121.0
1547,122.0,120.0,121.0,121.0
1548,122.0,120.0,121.0,122.0
1549,122.0,121.0,121.0,122.0
1550,122.0,121.0,121.0,122.0
1551,121.0,121.0,121.0,122.0
1552,121.0,121.0,121.0,122.0
1553,121.0,121.0,121.0,122.0
1554,121.0,121.0,121.0,120.0
1555,121.0,121.0,121.0,120.0
1556,121.0,122.0,121.0,121.0
1557,120.0,121.0,121.0,121.0
1558,120.0,120.0,120.0,121.0
1559,120.0,121.0,120.0,121.0
1560,120.0,121.0,120.0,119.0
1561,121.0,121.0,120.0,119.0
1562,121.0,118.0,120.0,118.0
1563,121.0,119.0,120.0,118.0
1564,121.0,120.0,120.0,118.0
1565,121.0,120.0,120.0,118.0
1566,121.0,120.0,120.0,120.0
1567,122.0,121.0,120.0,120.0
1568,122.0,121.0,120.0,121.0
1569,122.0,122.0,120.0,121.0
1570,121.0,123.0,120.0,121.0
1571,121.0,123.0,120.0,121.0
1572,120.0,124.0,120.0,122.0
1573,119.0,124.0,120.0,122.0
1574,119.0,125.0,120.0,121.0
1575,119.0,125.0,120.0,121.0
1576,119.0,125.0,121.0,119.0
1577,119.0,125.0,121.0,119.0
1578,120.0,125.0,121.0,112.0
1579,121.0,125.0,121.0,112.0
1580,122.0,125.0,121.0,115.0
1581,122.0,125.0,121.0,115.0
1582,123.0,125.0,122.0,113.0
1583,124.0,125.0,121.0,113.0
1584,124.0,125.0,120.0,113.0
1585,124.0,125.0,120.0,113.0
1586,124.0,125.0,119.0,112.0
1587,123.0,125.0,118.0,112.0
1588,123.0,125.0,117.0,111.0
1589,123.0,125.0,117.0,111.0
1590,120.0,125.0,116.0,110.0
1591,118.0,125.0,115.0,110.0
1592,117.0,125.0,114.0,109.0
1593,118.0,124.0,114.0,109.0
1594,118.0,124.0,114.0,109.0
1595,117.0,124.0,115.0,109.0
1596,117.0,124.0,115.0,112.0
1597,117.0,124.0,115.0,112.0
1598,117.0,124.0,116.0,117.0
1599,117.0,124.0,116.0,117.0
1600,118.0,124.0,116.0,119.0
1601,118.0,124.0,117.0,119.0
1602,118.0,124.0,117.0,118.0
1603,118.0,123.0,118.0,118.0
1604,119.0,123.0,118.0,120.0
1605,120.0,123.0,118.0,120.0
1606,120.0,124.0,119.0,120.0
1607,120.0,124.0,119.0,120.0
1608,120.0,125.0,119.0,122.0
1609,120.0,125.0,119.0,122.0
1610,121.0,125.0,119.0,122.0
1611,121.0,125.0,120.0,122.0
1612,121.0,125.0,120.0,121.0
1613,121.0,124.0,119.0,121.0
1614,120.0,124.0,118.0,121.0
1615,119.0,123.0,117.0,121.0
1616,118.0,123.0,116.0,122.0
1617,117.0,123.0,116.0,122.0
1618,117.0,122.0,115.0,119.0
1619,116.0,122.0,114.0,119.0
1620,116.0,121.0,113.0,118.0
1621,115.0,121.0,112.0,118.0
1622,115.0,121.0,111.0,118.0
1623,115.0,121.0,109.0,118.0
1624,113.0,120.0,108.0,117.0
1625,110.0,120.0,107.0,117.0
1626,108.0,120.0,106.0,115.0
1627,106.0,119.0,105.0,115.0
1628,102.0,119.0,104.0,115.0
1629,101.0,118.0,104.0,115.0
1630,101.0,117.0,103.0,114.0
1631,102.0,116.0,102.0,114.0
1632,104.0,115.0,101.0,113.0
1633,107.0,114.0,103.0,113.0
1634,110.0,114.0,106.0,112.0
1635,113.0,115.0,108.0,112.0
1636,117.0,118.0,111.0,112.0
1637,120.0,120.0,114.0,112.0
1638,123.0,121.0,117.0,111.0
1639,126.0,123.0,120.0,111.0
1640,130.0,125.0,123.0,105.0
1641,132.0,126.0,126.0,105.0
1642,133.0,126.0,129.0,107.0
1643,135.0,128.0,133.0,107.0
1644,136.0,129.0,133.0,106.0
1645,137.0,131.0,134.0,106.0
1646,138.0,133.0,135.0,105.0
1647,139.0,134.0,136.0,105.0
1648,139.0,135.0,136.0,105.0
1649,140.0,136.0,137.0,105.0
1650,140.0,136.0,138.0,104.0
1651,140.0,137.0,139.0,104.0
1652,140.0,134.0,139.0,104.0
1653,141.0,134.0,140.0,104.0
1654,141.0,134.0,140.0,103.0
1655,141.0,135.0,141.0,103.0
1656,141.0,135.0,141.0,103.0
1657,142.0,136.0,141.0,103.0
1658,143.0,136.0,141.0,103.0
1659,143.0,137.0,141.0,103.0
1660,143.0,137.0,141.0,103.0
1661,143.0,138.0,141.0,103.0
1662,142.0,138.0,141.0,77.0
1663,141.0,138.0,141.0,77.0
1664,140.0,138.0,140.0,47.0
1665,139.0,138.0,140.0,47.0
1666,138.0,138.0,139.0,66.0
1667,137.0,138.0,138.0,66.0
1668,136.0,137.0,138.0,79.0
1669,136.0,137.0,137.0,79.0
1670,135.0,137.0,136.0,107.0
1671,135.0,137.0,136.0,107.0
1672,134.0,137.0,135.0,100.0
1673,134.0,137.0,134.0,100.0
1674,134.0,137.0,134.0,96.0
1675,134.0,137.0,134.0,96.0
1676,134.0,137.0,134.0,99.0
1677,134.0,137.0,134.0,99.0
1678,134.0,137.0,134.0,116.0
1679,134.0,137.0,134.0,116.0
1680,134.0,138.0,134.0,124.0
1681,135.0,139.0,134.0,124.0
1682,135.0,139.0,134.0,129.0
1683,135.0,140.0,134.0,129.0
1684,135.0,142.0,135.0,132.0
1685,136.0,143.0,135.0,132.0
1686,136.0,143.0,135.0,133.0
1687,137.0,143.0,136.0,133.0
1688,137.0,144.0,136.0,134.0
1689,137.0,145.0,136.0,134.0
1690,138.0,146.0,137.0,136.0
1691,138.0,147.0,137.0,136.0
1692,138.0,148.0,137.0,135.0
1693,139.0,148.0,138.0,135.0
1694,139.0,150.0,139.0,134.0
1695,140.0,150.0,139.0,134.0
1696,140.0,150.0,140.0,135.0
1697,141.0,150.0,140.0,135.0
1698,141.0,150.0,141.0,138.0
1699,142.0,150.0,141.0,138.0
1700,142.0,151.0,142.0,141.0
1701,143.0,152.0,142.0,141.0
1702,144.0,152.0,142.0,141.0
1703,145.0,152.0,143.0,141.0
1704,145.0,152.0,144.0,142.0
1705,146.0,152.0,145.0,142.0
1706,146.0,152.0,145.0,144.0
1707,147.0,153.0,146.0,144.0
1708,147.0,153.0,146.0,146.0
1709,148.0,155.0,147.0,146.0
1710,148.0,157.0,147.0,147.0
1711,149.0,156.0,148.0,147.0
1712,149.0,156.0,148.0,149.0
1713,150.0,157.0,149.0,149.0
1714,151.0,158.0,150.0,149.0
1715,152.0,157.0,150.0,149.0
1716,152.0,157.0,151.0,148.0
1717,153.0,157.0,151.0,148.0
1718,153.0,157.0,152.0,147.0
1719,154.0,158.0,152.0,147.0
1720,154.0,158.0,153.0,147.0
1721,155.0,157.0,153.0,147.0
1722,155.0,158.0,154.0,147.0
1723,156.0,158.0,155.0,147.0
1724,156.0,157.0,155.0,147.0
1725,157.0,156.0,155.0,147.0
1726,156.0,157.0,155.0,141.0
1727,157.0,158.0,156.0,141.0
1728,157.0,157.0,156.0,134.0
1729,158.0,158.0,156.0,134.0
1730,157.0,161.0,156.0,136.0
1731,158.0,163.0,157.0,136.0
1732,157.0,161.0,157.0,133.0
1733,158.0,163.0,157.0,133.0
1734,158.0,163.0,157.0,126.0
1735,157.0,162.0,157.0,126.0
1736,158.0,161.0,157.0,121.0
1737,158.0,161.0,158.0,121.0
1738,158.0,161.0,158.0,126.0
1739,158.0,162.0,158.0,126.0
1740,158.0,162.0,158.0,129.0
1741,159.0,162.0,158.0,129.0
1742,159.0,162.0,158.0,127.0
1743,159.0,161.0,158.0,127.0
1744,159.0,161.0,158.0,125.0
1745,160.0,161.0,158.0,125.0
1746,160.0,161.0,158.0,141.0
1747,160.0,160.0,159.0,141.0
1748,160.0,160.0,159.0,136.0
1749,160.0,160.0,159.0,136.0
1750,160.0,160.0,159.0,134.0
1751,160.0,159.0,159.0,134.0
1752,159.0,159.0,159.0,129.0
1753,158.0,158.0,158.0,129.0
1754,156.0,157.0,156.0,132.0
1755,155.0,156.0,155.0,132.0
1756,154.0,155.0,154.0,131.0
1757,153.0,154.0,153.0,131.0
1758,152.0,153.0,152.0,131.0
1759,150.0,152.0,151.0,131.0
1760,148.0,150.0,149.0,131.0
1761,147.0,149.0,148.0,131.0
1762,145.0,148.0,147.0,130.0
1763,144.0,147.0,145.0,130.0
1764,143.0,143.0,144.0,140.0
1765,141.0,138.0,142.0,140.0
1766,139.0,133.0,141.0,141.0
1767,138.0,131.0,140.0,141.0
1768,137.0,132.0,139.0,139.0
1769,136.0,133.0,138.0,139.0
1770,135.0,134.0,137.0,136.0
1771,134.0,136.0,136.0,136.0
1772,134.0,136.0,135.0,134.0
1773,134.0,136.0,133.0,134.0
1774,134.0,136.0,133.0,134.0
1775,134.0,135.0,133.0,134.0
1776,134.0,135.0,133.0,134.0
1777,134.0,135.0,133.0,134.0
1778,134.0,135.0,133.0,134.0
1779,134.0,134.0,133.0,134.0
1780,134.0,134.0,133.0,133.0
1781,133.0,134.0,133.0,133.0
1782,133.0,133.0,132.0,132.0
1783,132.0,133.0,132.0,132.0
1784,131.0,133.0,132.0,131.0
1785,130.0,132.0,131.0,131.0
1786,130.0,132.0,131.0,131.0
1787,129.0,131.0,131.0,131.0
1788,129.0,131.0,130.0,130.0
1789,129.0,131.0,130.0,130.0
1790,129.0,131.0,130.0,128.0
1791,129.0,131.0,129.0,128.0
1792,130.0,130.0,129.0,127.0
1793,130.0,130.0,128.0,127.0
1794,130.0,129.0,128.0,126.0
1795,130.0,129.0,127.0,126.0
1796,129.0,128.0,127.0,125.0
1797,128.0,128.0,126.0,125.0
1798,127.0,127.0,126.0,128.0
1799,126.0,124.0,125.0,128.0
